-- ============================================================
-- 🌾 صوت الفلاح — seed.sql
-- بيانات تجريبية واقعية للتونس
-- ============================================================
-- ملاحظة: قم بتشغيل schema.sql أولاً قبل هذا الملف
-- ============================================================

-- ─────────────────────────────────────────
-- 1. REGIONS — الولايات التونسية الـ24
-- ─────────────────────────────────────────
insert into regions (id, name_ar, name_fr, code, sort_order) values
  ('11111111-0001-0001-0001-000000000001', 'تونس',        'Tunis',         'tunis',        1),
  ('11111111-0001-0001-0001-000000000002', 'أريانة',      'Ariana',        'ariana',       2),
  ('11111111-0001-0001-0001-000000000003', 'بن عروس',     'Ben Arous',     'ben-arous',    3),
  ('11111111-0001-0001-0001-000000000004', 'منوبة',       'Manouba',       'manouba',      4),
  ('11111111-0001-0001-0001-000000000005', 'نابل',        'Nabeul',        'nabeul',       5),
  ('11111111-0001-0001-0001-000000000006', 'زغوان',       'Zaghouan',      'zaghouan',     6),
  ('11111111-0001-0001-0001-000000000007', 'بنزرت',       'Bizerte',       'bizerte',      7),
  ('11111111-0001-0001-0001-000000000008', 'باجة',        'Béja',          'beja',         8),
  ('11111111-0001-0001-0001-000000000009', 'جندوبة',      'Jendouba',      'jendouba',     9),
  ('11111111-0001-0001-0001-000000000010', 'الكاف',       'Le Kef',        'kef',          10),
  ('11111111-0001-0001-0001-000000000011', 'سليانة',      'Siliana',       'siliana',      11),
  ('11111111-0001-0001-0001-000000000012', 'سوسة',        'Sousse',        'sousse',       12),
  ('11111111-0001-0001-0001-000000000013', 'المنستير',    'Monastir',      'monastir',     13),
  ('11111111-0001-0001-0001-000000000014', 'المهدية',     'Mahdia',        'mahdia',       14),
  ('11111111-0001-0001-0001-000000000015', 'صفاقس',       'Sfax',          'sfax',         15),
  ('11111111-0001-0001-0001-000000000016', 'القيروان',    'Kairouan',      'kairouan',     16),
  ('11111111-0001-0001-0001-000000000017', 'القصرين',     'Kasserine',     'kasserine',    17),
  ('11111111-0001-0001-0001-000000000018', 'سيدي بوزيد',  'Sidi Bouzid',   'sidi-bouzid',  18),
  ('11111111-0001-0001-0001-000000000019', 'قابس',        'Gabès',         'gabes',        19),
  ('11111111-0001-0001-0001-000000000020', 'مدنين',       'Médenine',      'medenine',     20),
  ('11111111-0001-0001-0001-000000000021', 'تطاوين',      'Tataouine',     'tataouine',    21),
  ('11111111-0001-0001-0001-000000000022', 'قفصة',        'Gafsa',         'gafsa',        22),
  ('11111111-0001-0001-0001-000000000023', 'توزر',        'Tozeur',        'tozeur',       23),
  ('11111111-0001-0001-0001-000000000024', 'قبلي',        'Kébili',        'kebili',       24);

-- ─────────────────────────────────────────
-- 2. CATEGORIES — الأصناف الفلاحية
-- ─────────────────────────────────────────

-- الأصناف الرئيسية
insert into categories (id, name_ar, name_fr, slug, icon, sort_order) values
  ('22222222-0001-0001-0001-000000000001', 'مواشي',       'Bétail',          'mawachi',     '🐄', 1),
  ('22222222-0001-0001-0001-000000000002', 'حبوب',        'Céréales',        'hubub',       '🌾', 2),
  ('22222222-0001-0001-0001-000000000003', 'عسل',         'Miel',            'asal',        '🍯', 3),
  ('22222222-0001-0001-0001-000000000004', 'أعلاف',       'Aliments',        'aalaf',       '🌿', 4),
  ('22222222-0001-0001-0001-000000000005', 'زيوت',        'Huiles',          'zuyut',       '🫙', 5),
  ('22222222-0001-0001-0001-000000000006', 'خضروات',      'Légumes',         'khudrawat',   '🥦', 6),
  ('22222222-0001-0001-0001-000000000007', 'فواكه',       'Fruits',          'fawakeh',     '🍊', 7),
  ('22222222-0001-0001-0001-000000000008', 'دواجن',       'Volailles',       'dawajin',     '🐔', 8),
  ('22222222-0001-0001-0001-000000000009', 'بيض',         'Œufs',            'bayd',        '🥚', 9),
  ('22222222-0001-0001-0001-000000000010', 'ألبان',       'Produits laitiers','alban',      '🥛', 10),
  ('22222222-0001-0001-0001-000000000011', 'تمور',        'Dattes',          'tumur',       '🌴', 11),
  ('22222222-0001-0001-0001-000000000012', 'أسماك',       'Poissons',        'asmak',       '🐟', 12),
  ('22222222-0001-0001-0001-000000000013', 'بذور',        'Semences',        'buthur',      '🌱', 13),
  ('22222222-0001-0001-0001-000000000014', 'أشجار',       'Arbres',          'ashjar',      '🌳', 14),
  ('22222222-0001-0001-0001-000000000015', 'أخرى',        'Autres',          'ukhra',       '📦', 15);

-- الأصناف الفرعية (مواشي)
insert into categories (id, name_ar, name_fr, slug, icon, parent_id, sort_order) values
  ('22222222-0002-0001-0001-000000000001', 'أبقار',   'Vaches',   'abkar',   '🐄', '22222222-0001-0001-0001-000000000001', 1),
  ('22222222-0002-0001-0001-000000000002', 'غنم',     'Moutons',  'ghanam',  '🐑', '22222222-0001-0001-0001-000000000001', 2),
  ('22222222-0002-0001-0001-000000000003', 'ماعز',    'Chèvres',  'maiz',    '🐐', '22222222-0001-0001-0001-000000000001', 3),
  ('22222222-0002-0001-0001-000000000004', 'خيول',    'Chevaux',  'khuyul',  '🐎', '22222222-0001-0001-0001-000000000001', 4),
  ('22222222-0002-0001-0001-000000000005', 'جمال',    'Chameaux', 'jibal',   '🐪', '22222222-0001-0001-0001-000000000001', 5);

-- الأصناف الفرعية (حبوب)
insert into categories (id, name_ar, name_fr, slug, icon, parent_id, sort_order) values
  ('22222222-0003-0001-0001-000000000001', 'قمح',     'Blé',      'qamh',    '🌾', '22222222-0001-0001-0001-000000000002', 1),
  ('22222222-0003-0001-0001-000000000002', 'شعير',    'Orge',     'shaeer',  '🌾', '22222222-0001-0001-0001-000000000002', 2),
  ('22222222-0003-0001-0001-000000000003', 'ذرة',     'Maïs',     'dhurra',  '🌽', '22222222-0001-0001-0001-000000000002', 3),
  ('22222222-0003-0001-0001-000000000004', 'عدس',     'Lentilles','adas',    '🫘', '22222222-0001-0001-0001-000000000002', 4),
  ('22222222-0003-0001-0001-000000000005', 'فول',     'Fèves',    'ful',     '🫘', '22222222-0001-0001-0001-000000000002', 5);

-- ─────────────────────────────────────────
-- 3. UNITS — المقاييس
-- ─────────────────────────────────────────
insert into units (id, name_ar, name_fr, symbol, sort_order) values
  ('33333333-0001-0001-0001-000000000001', 'كيلوغرام', 'Kilogramme', 'كغ',     1),
  ('33333333-0001-0001-0001-000000000002', 'رطل',      'Rotl',       'رطل',    2),
  ('33333333-0001-0001-0001-000000000003', 'رأس',      'Tête',       'رأس',    3),
  ('33333333-0001-0001-0001-000000000004', 'لتر',      'Litre',      'ل',      4),
  ('33333333-0001-0001-0001-000000000005', 'طن',       'Tonne',      'طن',     5),
  ('33333333-0001-0001-0001-000000000006', 'قنطار',    'Quintal',    'قنطار',  6),
  ('33333333-0001-0001-0001-000000000007', 'ربطة',     'Botte',      'ربطة',   7),
  ('33333333-0001-0001-0001-000000000008', 'ڨلبة',     'Boîte',      'ڨلبة',   8),
  ('33333333-0001-0001-0001-000000000009', 'صندوق',    'Caisse',     'صندوق',  9),
  ('33333333-0001-0001-0001-000000000010', 'حبة',      'Pièce',      'حبة',    10),
  ('33333333-0001-0001-0001-000000000011', 'دزينة',    'Douzaine',   'دزينة',  11),
  ('33333333-0001-0001-0001-000000000012', 'كمية',     'Lot',        'كمية',   12);

-- ─────────────────────────────────────────
-- 4. STATIC PAGES
-- ─────────────────────────────────────────
insert into static_pages (slug, title_ar, content_ar) values
  ('about',        'من نحن',              'صوت الفلاح منصة تونسية تربط الفلاحين والتجار والمواطنين لتبادل المنتجات الفلاحية بكل يسر وسهولة.'),
  ('privacy',      'سياسة الخصوصية',     'نحن نحترم خصوصيتك ونلتزم بحماية بياناتك الشخصية وفقاً للقانون التونسي.'),
  ('terms',        'قواعد الاستخدام',    'باستخدامك لمنصة صوت الفلاح فأنت توافق على الالتزام بقواعد الاستخدام والتعامل بنزاهة مع جميع المستخدمين.'),
  ('how-it-works', 'كيف تستخدم المنصة', 'سجّل حسابك، أكمل ملفك الشخصي، ثم انشر إعلانك أو تصفح السوق للعثور على ما تحتاجه.');

-- ─────────────────────────────────────────
-- 5. SAMPLE POSTS (بدون user_id حقيقي)
-- ملاحظة: هذه المنشورات للاختبار فقط
-- يجب استبدال user_id بـ UUID حقيقي من auth.users بعد إنشاء حسابات تجريبية
-- ─────────────────────────────────────────

-- يمكن تشغيل هذا الجزء بعد إنشاء مستخدمين تجريبيين من Supabase Dashboard
-- ثم استبدال 'YOUR-USER-UUID' بالـ UUID الحقيقي

/*
insert into posts (user_id, type, category_id, title, description, quantity, unit_id, price, is_negotiable, region_id, city, expires_at) values
  (
    'YOUR-USER-UUID',
    'sell',
    '22222222-0002-0001-0001-000000000002', -- غنم
    'خروف بلدي للبيع — صفاقس',
    'خروف بلدي صحيح وبحجم كبير، مرعى طبيعي، مناسب للذبح',
    1, '33333333-0001-0001-0001-000000000003', -- رأس
    850.000, true,
    '11111111-0001-0001-0001-000000000015', 'ساقية الزيت', -- صفاقس
    now() + interval '30 days'
  ),
  (
    'YOUR-USER-UUID',
    'sell',
    '22222222-0003-0001-0001-000000000001', -- قمح
    'قمح صلب من إنتاج هذا الموسم — باجة',
    'قمح صلب عالي الجودة، محصول 2024، يباع بالقنطار',
    50, '33333333-0001-0001-0001-000000000006', -- قنطار
    95.000, false,
    '11111111-0001-0001-0001-000000000008', 'تستور', -- باجة
    now() + interval '45 days'
  ),
  (
    'YOUR-USER-UUID',
    'buy',
    '22222222-0001-0001-0001-000000000003', -- عسل
    'مطلوب عسل طبيعي كميات كبيرة',
    'تاجر يبحث عن عسل طبيعي أصلي، يفضل من ولايات الشمال',
    100, '33333333-0001-0001-0001-000000000004', -- كغ
    0, true,
    '11111111-0001-0001-0001-000000000001', 'تونس', -- تونس
    now() + interval '60 days'
  );
*/

-- ─────────────────────────────────────────
-- 6. PRICE HISTORY — أسعار مرجعية
-- ─────────────────────────────────────────
insert into price_history (category_id, unit_id, min_price, max_price, recorded_at) values
  ('22222222-0003-0001-0001-000000000001', '33333333-0001-0001-0001-000000000006', 85.000, 100.000, now()), -- قمح/قنطار
  ('22222222-0003-0001-0001-000000000002', '33333333-0001-0001-0001-000000000006', 60.000,  80.000, now()), -- شعير/قنطار
  ('22222222-0001-0001-0001-000000000003', '33333333-0001-0001-0001-000000000001', 30.000,  60.000, now()), -- عسل/كغ
  ('22222222-0002-0001-0001-000000000002', '33333333-0001-0001-0001-000000000003', 650.000,1200.000,now()), -- غنم/رأس
  ('22222222-0002-0001-0001-000000000001', '33333333-0001-0001-0001-000000000003',2500.000,5000.000,now()), -- بقرة/رأس
  ('22222222-0001-0001-0001-000000000011','33333333-0001-0001-0001-000000000001',  8.000,  25.000, now()), -- تمور/كغ
  ('22222222-0001-0001-0001-000000000005','33333333-0001-0001-0001-000000000004',  7.000,  12.000, now()); -- زيت/لتر
